foler/package name,pypi link,latest track1 version,latest track1 release date,track1 GA version,latest track2 version,latest track2 release date,track2 GA version,cli dependency,readme config,bot advice,readme link,multi api,whl size(MB),test coverage,passed,failed,skipped
powerbiembedded/azure-mgmt-powerbiembedded,https://pypi.org/pypi/azure-mgmt-powerbiembedded,2.0.0,2018/05/25,1.0.0,NA,NA,NA,NA,track2,The readme.python.md has not been created.  ,https:/github.com/Azure/azure-rest-api-specs/tree/main/specification/powerbiembedded/resource-manager,,0.037,-, -, -, -
dataprotection/azure-mgmt-dataprotection,https://pypi.org/pypi/azure-mgmt-dataprotection,NA,NA,NA,1.0.0b1,2021/10/22,NA,NA,track2,,https:/github.com/Azure/azure-rest-api-specs/tree/main/specification/dataprotection/resource-manager,,0.122,-, -, -, -
reservations/azure-mgmt-reservations,https://pypi.org/pypi/azure-mgmt-reservations,0.9.0,2021/01/21,NA,2.0.0,2022/04/22,1.0.0,track1_0.6.0,track2,,https:/github.com/Azure/azure-rest-api-specs/tree/main/specification/reservations/resource-manager,,0.089,37%, 0, 0, 5
securityinsight/azure-mgmt-securityinsight,https://pypi.org/pypi/azure-mgmt-securityinsight,NA,NA,NA,1.0.0b2,2022/03/30,NA,NA,track2,,https:/github.com/Azure/azure-rest-api-specs/tree/main/specification/securityinsights/resource-manager,,0.277,-, -, -, -
extendedlocation/azure-mgmt-extendedlocation,https://pypi.org/pypi/azure-mgmt-extendedlocation,NA,NA,NA,1.0.0,2021/09/28,1.0.0,track2_1.0.0b2,track2,,https:/github.com/Azure/azure-rest-api-specs/tree/main/specification/extendedlocation/resource-manager,True,0.061,-, -, -, -
storage/azure-mgmt-storage,https://pypi.org/pypi/azure-mgmt-storage,11.2.0,2020/08/24,1.0.0,20.0.0,2022/04/6,16.0.0,track2_20.0.0,track2,,https:/github.com/Azure/azure-rest-api-specs/tree/main/specification/storage/resource-manager,True,1.912,-, 0, 0, 0
media/azure-mgmt-media,https://pypi.org/pypi/azure-mgmt-media,4.1.0,2021/07/28,1.0.0,9.0.0,2022/03/30,7.0.0,track2_9.0.0,track2,,https:/github.com/Azure/azure-rest-api-specs/tree/main/specification/mediaservices/resource-manager,,0.201,-, 0, 0, 0
datadog/azure-mgmt-datadog,https://pypi.org/pypi/azure-mgmt-datadog,NA,NA,NA,2.0.0,2021/05/26,1.0.0,NA,track2,,https:/github.com/Azure/azure-rest-api-specs/tree/main/specification/datadog/resource-manager,,0.074,-, -, -, -
iothub/azure-mgmt-iothubprovisioningservices,https://pypi.org/pypi/azure-mgmt-iothubprovisioningservices,0.3.0,2021/08/17,NA,1.1.0,2022/02/7,1.0.0,track2_1.1.0,track2,,https:/github.com/Azure/azure-rest-api-specs/tree/main/specification/deviceprovisioningservices/resource-manager,,0.050,-, 0, 0, 0
support/azure-mgmt-support,https://pypi.org/pypi/azure-mgmt-support,1.0.0,2020/03/19,1.0.0,6.0.0,2021/03/30,6.0.0,NA,track2,,https:/github.com/Azure/azure-rest-api-specs/tree/main/specification/support/resource-manager,,0.052,-, 0, 0, 0
hdinsight/azure-mgmt-hdinsight,https://pypi.org/pypi/azure-mgmt-hdinsight,3.0.0,2021/06/7,1.0.0,9.0.0,2021/10/12,7.0.0,track2_9.0.0,track2,,https:/github.com/Azure/azure-rest-api-specs/tree/main/specification/hdinsight/resource-manager,,0.120,-, -, -, -
rdbms/azure-mgmt-rdbms,https://pypi.org/pypi/azure-mgmt-rdbms,3.1.0rc1,2020/09/29,1.0.0,10.1.0,2022/03/7,8.0.0,track2_10.0.0,track2,,https:/github.com/Azure/azure-rest-api-specs/tree/main/specification/postgresql/resource-manager,fake,0.610,-, 0, 0, 0
datashare/azure-mgmt-datashare,https://pypi.org/pypi/azure-mgmt-datashare,0.2.0,2020/05/20,NA,1.0.0,2021/04/12,1.0.0,NA,track2,,https:/github.com/Azure/azure-rest-api-specs/tree/main/specification/datashare/resource-manager,,0.111,-, -, -, -
automation/azure-mgmt-automation,https://pypi.org/pypi/azure-mgmt-automation,0.1.1,2019/05/13,NA,1.1.0b1,2021/03/17,1.0.0,NA,track2,,https:/github.com/Azure/azure-rest-api-specs/tree/main/specification/automation/resource-manager,,0.274,-, 0, 0, 0
kusto/azure-mgmt-kusto,https://pypi.org/pypi/azure-mgmt-kusto,0.11.0,2021/04/30,NA,2.2.0,2022/02/23,1.0.0,track1_0.3.0,track2,,https:/github.com/Azure/azure-rest-api-specs/tree/main/specification/azure-kusto/resource-manager,,0.124,-, 0, 0, 0
resources/azure-mgmt-resourcegraph,https://pypi.org/pypi/azure-mgmt-resourcegraph,2.0.0,2019/06/19,1.0.0,8.1.0b1,2021/04/25,7.0.0,NA,track2,,https:/github.com/Azure/azure-rest-api-specs/tree/main/specification/resourcegraph/resource-manager,,0.033,29%, 0, 0, 5
testbase/azure-mgmt-testbase,https://pypi.org/pypi/azure-mgmt-testbase,NA,NA,NA,1.0.0b1,2021/06/18,NA,NA,track2,,https:/github.com/Azure/azure-rest-api-specs/tree/main/specification/testbase/resource-manager,,0.116,-, -, -, -
eventhub/azure-mgmt-eventhub,https://pypi.org/pypi/azure-mgmt-eventhub,5.0.0,2021/05/27,1.0.0,10.0.0,2021/11/1,8.0.0,track2_9.1.0,track2,,https:/github.com/Azure/azure-rest-api-specs/tree/main/specification/eventhub/resource-manager,True,0.462,-, 0, 0, 0
logic/azure-mgmt-logic,https://pypi.org/pypi/azure-mgmt-logic,4.0.0rc2,2019/01/15,1.0.0,9.0.0,2021/01/4,9.0.0,NA,track2,,https:/github.com/Azure/azure-rest-api-specs/tree/main/specification/logic/resource-manager,,0.234,-, 0, 0, 0
dnsresolver/azure-mgmt-dnsresolver,https://pypi.org/pypi/azure-mgmt-dnsresolver,NA,NA,NA,1.0.0b1,2022/02/21,NA,NA,track2,,https:/github.com/Azure/azure-rest-api-specs/tree/main/specification/dnsresolver/resource-manager,,0.066,-, -, -, -
appconfiguration/azure-mgmt-appconfiguration,https://pypi.org/pypi/azure-mgmt-appconfiguration,0.7.0,2021/06/22,NA,2.1.0b2,2022/03/1,1.0.0,track2_2.1.0b2,track2,,https:/github.com/Azure/azure-rest-api-specs/tree/main/specification/appconfiguration/resource-manager,,0.059,-, 0, 0, 0
servicefabric/azure-mgmt-servicefabric,https://pypi.org/pypi/azure-mgmt-servicefabric,0.5.0,2020/08/3,NA,2.0.0,2021/09/6,1.0.0,track2_1.0.0,track2,,https:/github.com/Azure/azure-rest-api-specs/tree/main/specification/servicefabric/resource-manager,,0.101,-, 0, 0, 0
customproviders/azure-mgmt-customproviders,https://pypi.org/pypi/azure-mgmt-customproviders,0.1.0,2020/03/10,NA,1.0.0,2021/04/9,1.0.0,NA,track2,,https:/github.com/Azure/azure-rest-api-specs/tree/main/specification/customproviders/resource-manager,,0.034,-, -, -, -
scheduler/azure-mgmt-scheduler,https://pypi.org/pypi/azure-mgmt-scheduler,2.0.0,2018/05/23,1.0.0,7.0.0b1,2020/11/18,NA,NA,both,,https:/github.com/Azure/azure-rest-api-specs/tree/main/specification/scheduler/resource-manager,,0.039,-, 0, 0, 0
peering/azure-mgmt-peering,https://pypi.org/pypi/azure-mgmt-peering,0.2.0,2020/04/14,NA,1.0.0,2021/04/25,1.0.0,NA,track2,,https:/github.com/Azure/azure-rest-api-specs/tree/main/specification/peering/resource-manager,,0.071,-, 0, 0, 0
timeseriesinsights/azure-mgmt-timeseriesinsights,https://pypi.org/pypi/azure-mgmt-timeseriesinsights,0.2.0,2020/02/26,NA,1.0.0,2021/03/29,1.0.0,NA,track2,,https:/github.com/Azure/azure-rest-api-specs/tree/main/specification/timeseriesinsights/resource-manager,,0.060,-, -, -, -
datafactory/azure-mgmt-datafactory,https://pypi.org/pypi/azure-mgmt-datafactory,0.17.0,2021/03/15,NA,2.4.0,2022/04/18,1.0.0,NA,track2,,https:/github.com/Azure/azure-rest-api-specs/tree/main/specification/datafactory/resource-manager,,0.402,-, -, -, -
sql/azure-mgmt-sqlvirtualmachine,https://pypi.org/pypi/azure-mgmt-sqlvirtualmachine,0.5.0,2019/11/27,NA,1.0.0b2,2022/03/4,NA,track2_1.0.0b2,track2,,https:/github.com/Azure/azure-rest-api-specs/tree/main/specification/sqlvirtualmachine/resource-manager,,0.055,-, -, -, -
serialconsole/azure-mgmt-serialconsole,https://pypi.org/pypi/azure-mgmt-serialconsole,0.1.0,2019/04/30,NA,1.0.0,2021/05/21,1.0.0,NA,track2,,https:/github.com/Azure/azure-rest-api-specs/tree/main/specification/serialconsole/resource-manager,,0.025,-, 0, 0, 0
oep/azure-mgmt-oep,https://pypi.org/pypi/azure-mgmt-oep,NA,NA,NA,1.0.0b1,2022/02/16,NA,NA,track2,,https:/github.com/Azure/azure-rest-api-specs/tree/main/specification/oep/resource-manager,,0.033,-, -, -, -
recoveryservices/azure-mgmt-recoveryservicessiterecovery,https://pypi.org/pypi/azure-mgmt-recoveryservicessiterecovery,NA,NA,NA,1.0.0b1,2021/08/3,NA,NA,track2,,https:/github.com/Azure/azure-rest-api-specs/tree/main/specification/recoveryservicessiterecovery/resource-manager,,0.390,-, -, -, -
databricks/azure-mgmt-databricks,https://pypi.org/pypi/azure-mgmt-databricks,0.1.0,2019/04/17,NA,1.1.0b1,2021/08/3,1.0.0,NA,track2,,https:/github.com/Azure/azure-rest-api-specs/tree/main/specification/databricks/resource-manager,,0.059,24%, 0, 0, 1
search/azure-mgmt-search,https://pypi.org/pypi/azure-mgmt-search,3.0.0,2020/09/30,1.0.0,8.0.0,2021/01/4,8.0.0,track2_8.0.0,track2,,https:/github.com/Azure/azure-rest-api-specs/tree/main/specification/search/resource-manager,,0.068,-, 0, 0, 0
marketplaceordering/azure-mgmt-marketplaceordering,https://pypi.org/pypi/azure-mgmt-marketplaceordering,0.2.1,2019/03/22,NA,1.1.0,2021/03/18,1.0.0,track2_1.1.0,track2,,https:/github.com/Azure/azure-rest-api-specs/tree/main/specification/marketplaceordering/resource-manager,,0.026,-, 0, 0, 0
signalr/azure-mgmt-signalr,https://pypi.org/pypi/azure-mgmt-signalr,0.4.0,2020/06/2,NA,1.1.0,2022/03/28,1.0.0,track2_1.0.0b2,track2,,https:/github.com/Azure/azure-rest-api-specs/tree/main/specification/signalr/resource-manager,,0.080,-, 0, 0, 0
mixedreality/azure-mgmt-mixedreality,https://pypi.org/pypi/azure-mgmt-mixedreality,0.4.0,2021/02/24,NA,1.0.0,2021/04/28,1.0.0,NA,track2,,https:/github.com/Azure/azure-rest-api-specs/tree/main/specification/mixedreality/resource-manager,,0.047,-, -, -, -
eventgrid/azure-mgmt-eventgrid,https://pypi.org/pypi/azure-mgmt-eventgrid,3.0.0rc9,2021/02/23,1.0.0,10.2.0b1,2022/04/7,8.0.0,track2_9.0.0,track2,,https:/github.com/Azure/azure-rest-api-specs/tree/main/specification/eventgrid/resource-manager,,0.228,-, 0, 0, 0
resources/azure-mgmt-msi,https://pypi.org/pypi/azure-mgmt-msi,1.0.0,2019/05/16,1.0.0,6.0.1,2022/05/5,6.0.0,track2_6.0.0,track2,,https:/github.com/Azure/azure-rest-api-specs/tree/main/specification/msi/resource-manager,True,0.070,-, -, -, -
containerregistry/azure-mgmt-containerregistry,https://pypi.org/pypi/azure-mgmt-containerregistry,3.0.0rc17,2021/02/26,1.0.0,9.1.0,2022/03/3,8.0.0,track2_8.2.0,track2,,https:/github.com/Azure/azure-rest-api-specs/tree/main/specification/containerregistry/resource-manager,True,1.011,-, 0, 0, 0
costmanagement/azure-mgmt-costmanagement,https://pypi.org/pypi/azure-mgmt-costmanagement,0.2.0,2020/04/10,NA,3.0.0,2021/08/24,1.0.0,NA,track2,,https:/github.com/Azure/azure-rest-api-specs/tree/main/specification/cost-management/resource-manager,,0.084,-, -, -, -
batch/azure-mgmt-batch,https://pypi.org/pypi/azure-mgmt-batch,10.0.1,2021/02/2,1.0.0,16.1.0,2022/02/25,14.0.0,track2_16.1.0,track2,,https:/github.com/Azure/azure-rest-api-specs/tree/main/specification/batch/resource-manager,,0.117,-, 0, 0, 0
containerinstance/azure-mgmt-containerinstance,https://pypi.org/pypi/azure-mgmt-containerinstance,3.0.0,2021/07/20,1.0.0,9.2.0,2022/04/15,7.0.0,track2_9.1.0,track2,,https:/github.com/Azure/azure-rest-api-specs/tree/main/specification/containerinstance/resource-manager,,0.052,-, 0, 0, 0
compute/azure-mgmt-compute,https://pypi.org/pypi/azure-mgmt-compute,14.0.0,2020/10/16,1.0.0,26.1.0,2022/03/2,17.0.0,track2_26.1.0,track2,,https:/github.com/Azure/azure-rest-api-specs/tree/main/specification/compute/resource-manager,True,4.607,-, 0, 0, 0
aks/azure-mgmt-devspaces,https://pypi.org/pypi/azure-mgmt-devspaces,0.2.0,2019/05/23,NA,1.0.0b1,2021/05/27,NA,NA,track2,,https:/github.com/Azure/azure-rest-api-specs/tree/main/specification/devspaces/resource-manager,,0.033,-, -, -, -
storage/azure-mgmt-storageimportexport,https://pypi.org/pypi/azure-mgmt-storageimportexport,0.1.0,2020/04/11,NA,1.0.0b1,2021/05/28,NA,NA,track2,,https:/github.com/Azure/azure-rest-api-specs/tree/main/specification/storageimportexport/resource-manager,,0.045,-, -, -, -
rdbms/azure-mgmt-rdbms,https://pypi.org/pypi/azure-mgmt-rdbms,3.1.0rc1,2020/09/29,1.0.0,10.1.0,2022/03/7,8.0.0,track2_10.0.0,track2,,https:/github.com/Azure/azure-rest-api-specs/tree/main/specification/mysql/resource-manager,fake,0.610,-, 0, 0, 0
billing/azure-mgmt-billing,https://pypi.org/pypi/azure-mgmt-billing,1.0.0,2020/10/20,1.0.0,6.0.0,2021/05/12,6.0.0,track2_6.0.0,track2,,https:/github.com/Azure/azure-rest-api-specs/tree/main/specification/billing/resource-manager,,0.159,-, 0, 0, 0
network/azure-mgmt-network,https://pypi.org/pypi/azure-mgmt-network,13.0.0,2020/11/4,1.0.0,19.3.0,2021/11/9,16.0.0,track2_19.3.0,track2,,https:/github.com/Azure/azure-rest-api-specs/tree/main/specification/network/resource-manager,True,20.127, - , 0, 0, 23
healthcareapis/azure-mgmt-healthcareapis,https://pypi.org/pypi/azure-mgmt-healthcareapis,0.2.0,2020/10/30,NA,1.1.0,2022/03/31,1.0.0,NA,track2,,https:/github.com/Azure/azure-rest-api-specs/tree/main/specification/healthcareapis/resource-manager,,0.109,-, 0, 0, 0
confidentialledger/azure-mgmt-confidentialledger,https://pypi.org/pypi/azure-mgmt-confidentialledger,NA,NA,NA,1.0.0b1,2021/04/29,NA,NA,track2,,https:/github.com/Azure/azure-rest-api-specs/tree/main/specification/confidentialledger/resource-manager,,0.029,-, -, -, -
consumption/azure-mgmt-consumption,https://pypi.org/pypi/azure-mgmt-consumption,3.0.0,2019/05/16,1.0.0,9.0.0,2022/01/6,8.0.0,track1_2.0.0,track2,,https:/github.com/Azure/azure-rest-api-specs/tree/main/specification/consumption/resource-manager,,0.126,-, 0, 0, 0
maps/azure-mgmt-maps,https://pypi.org/pypi/azure-mgmt-maps,0.2.0,2021/05/11,NA,2.0.0,2021/05/11,1.0.0,track2_2.0.0,track2,,https:/github.com/Azure/azure-rest-api-specs/tree/main/specification/maps/resource-manager,,0.037,-, 0, 0, 0
hybridcompute/azure-mgmt-hybridcompute,https://pypi.org/pypi/azure-mgmt-hybridcompute,2.0.0,2020/09/21,1.0.0,7.0.0,2021/04/16,7.0.0,NA,track2,,https:/github.com/Azure/azure-rest-api-specs/tree/main/specification/hybridcompute/resource-manager,,0.063,21%, 0, 0, 4
netapp/azure-mgmt-netapp,https://pypi.org/pypi/azure-mgmt-netapp,0.16.0,2021/02/26,NA,7.0.0,2022/03/15,1.0.0,track2_7.0.0,track2,,https:/github.com/Azure/azure-rest-api-specs/tree/main/specification/netapp/resource-manager,,0.135,-, 0, 0, 0
mobilenetwork/azure-mgmt-mobilenetwork,https://pypi.org/pypi/azure-mgmt-mobilenetwork,NA,NA,NA,1.0.0b2,2022/04/2,NA,NA,track2,,https:/github.com/Azure/azure-rest-api-specs/tree/main/specification/mobilenetwork/resource-manager,,0.108,-, -, -, -
streamanalytics/azure-mgmt-streamanalytics,https://pypi.org/pypi/azure-mgmt-streamanalytics,NA,NA,NA,1.0.0,2022/01/6,1.0.0,NA,track2,,https:/github.com/Azure/azure-rest-api-specs/tree/main/specification/streamanalytics/resource-manager,,0.107,-, -, -, -
applicationinsights/azure-mgmt-applicationinsights,https://pypi.org/pypi/azure-mgmt-applicationinsights,0.3.0,2020/04/10,NA,3.0.0,2022/03/23,1.0.0,track2_1.0.0,track2,,https:/github.com/Azure/azure-rest-api-specs/tree/main/specification/applicationinsights/resource-manager,True,0.398,-, -, -, -
servicebus/azure-mgmt-servicebus,https://pypi.org/pypi/azure-mgmt-servicebus,2.0.0,2021/01/26,1.0.0,7.1.0,2021/09/23,6.0.0,track2_7.1.0,track2,,https:/github.com/Azure/azure-rest-api-specs/tree/main/specification/servicebus/resource-manager,True,0.514,-, 0, 0, 0
kubernetesconfiguration/azure-mgmt-kubernetesconfiguration,https://pypi.org/pypi/azure-mgmt-kubernetesconfiguration,0.3.0,2021/02/23,NA,2.0.0,2022/03/31,1.0.0,NA,track2,,https:/github.com/Azure/azure-rest-api-specs/tree/main/specification/kubernetesconfiguration/resource-manager,True,0.431,-, 0, 0, 0
digitaltwins/azure-mgmt-digitaltwins,https://pypi.org/pypi/azure-mgmt-digitaltwins,1.0.0,2020/10/22,1.0.0,6.1.0,2022/03/21,6.0.0,NA,track2,,https:/github.com/Azure/azure-rest-api-specs/tree/main/specification/digitaltwins/resource-manager,True,0.189,-, -, -, -
managementpartner/azure-mgmt-managementpartner,https://pypi.org/pypi/azure-mgmt-managementpartner,0.1.1,2019/05/18,NA,1.0.0,2021/05/24,1.0.0,NA,track2,,https:/github.com/Azure/azure-rest-api-specs/tree/main/specification/managementpartner/resource-manager,,0.026,27%, 0, 0, 4
rdbms/azure-mgmt-rdbms,https://pypi.org/pypi/azure-mgmt-rdbms,3.1.0rc1,2020/09/29,1.0.0,10.1.0,2022/03/7,8.0.0,track2_10.0.0,track2,,https:/github.com/Azure/azure-rest-api-specs/tree/main/specification/mariadb/resource-manager,,0.610,-, 0, 0, 0
videoanalyzer/azure-mgmt-videoanalyzer,https://pypi.org/pypi/azure-mgmt-videoanalyzer,NA,NA,NA,1.0.0b3,2021/10/28,NA,NA,track2,,https:/github.com/Azure/azure-rest-api-specs/tree/main/specification/videoanalyzer/resource-manager,,0.143,-, -, -, -
machinelearning/azure-mgmt-machinelearningservices,https://pypi.org/pypi/azure-mgmt-machinelearningservices,0.1.0,2019/06/27,NA,1.0.0,2021/01/4,1.0.0,NA,track2,,https:/github.com/Azure/azure-rest-api-specs/tree/main/specification/machinelearningservices/resource-manager,,0.112,-, -, -, -
databoxedge/azure-mgmt-databoxedge,https://pypi.org/pypi/azure-mgmt-databoxedge,0.2.0,2020/11/2,NA,1.0.0,2021/04/26,1.0.0,track2_1.0.0,track2,,https:/github.com/Azure/azure-rest-api-specs/tree/main/specification/databoxedge/resource-manager,True,1.231,-, 0, 0, 0
resourcehealth/azure-mgmt-resourcehealth,https://pypi.org/pypi/azure-mgmt-resourcehealth,NA,NA,NA,1.0.0b1,2021/06/25,NA,NA,track2,,https:/github.com/Azure/azure-rest-api-specs/tree/main/specification/resourcehealth/resource-manager,True,0.045,-, -, -, -
connectedvmware/azure-mgmt-connectedvmware,https://pypi.org/pypi/azure-mgmt-connectedvmware,NA,NA,NA,1.0.0b1,2021/11/19,NA,NA,track2,,https:/github.com/Azure/azure-rest-api-specs/tree/main/specification/connectedvmware/resource-manager,,0.128,-, -, -, -
confluent/azure-mgmt-confluent,https://pypi.org/pypi/azure-mgmt-confluent,NA,NA,NA,2.0.0b1,2021/05/25,1.0.0,NA,track2,,https:/github.com/Azure/azure-rest-api-specs/tree/main/specification/confluent/resource-manager,,0.037,-, -, -, -
policyinsights/azure-mgmt-policyinsights,https://pypi.org/pypi/azure-mgmt-policyinsights,0.6.0,2020/11/11,NA,1.1.0b2,2021/12/8,1.0.0,track2_1.0.0,track2,,https:/github.com/Azure/azure-rest-api-specs/tree/main/specification/policyinsights/resource-manager,,0.089,-, -, -, -
changeanalysis/azure-mgmt-changeanalysis,https://pypi.org/pypi/azure-mgmt-changeanalysis,1.0.0,2021/04/8,1.0.0,NA,NA,NA,NA,track2,,https:/github.com/Azure/azure-rest-api-specs/tree/main/specification/changeanalysis/resource-manager,,0.029,-, -, -, -
operationsmanagement/azure-mgmt-operationsmanagement,https://pypi.org/pypi/azure-mgmt-operationsmanagement,0.1.0,2020/01/28,NA,1.0.0,2021/01/4,1.0.0,NA,track2,,https:/github.com/Azure/azure-rest-api-specs/tree/main/specification/operationsmanagement/resource-manager,,0.036,-, -, -, -
portal/azure-mgmt-portal,https://pypi.org/pypi/azure-mgmt-portal,NA,NA,NA,1.0.0,2021/05/21,1.0.0,NA,track2,,https:/github.com/Azure/azure-rest-api-specs/tree/main/specification/portal/resource-manager,,0.035,-, -, -, -
recoveryservices/azure-mgmt-recoveryservices,https://pypi.org/pypi/azure-mgmt-recoveryservices,0.6.0,2020/12/14,NA,2.0.0,2021/07/13,1.0.0,track2_2.0.0,track2,,https:/github.com/Azure/azure-rest-api-specs/tree/main/specification/recoveryservices/resource-manager,,0.076,-, 0, 0, 0
trafficmanager/azure-mgmt-trafficmanager,https://pypi.org/pypi/azure-mgmt-trafficmanager,0.51.0,2019/01/8,NA,1.0.0,2022/01/20,1.0.0,track2_1.0.0,track2,,https:/github.com/Azure/azure-rest-api-specs/tree/main/specification/trafficmanager/resource-manager,,0.047,-, -, -, -
compute/azure-mgmt-avs,https://pypi.org/pypi/azure-mgmt-avs,2.0.0,2021/07/15,1.0.0,7.0.0,2021/11/11,7.0.0,NA,track2,,https:/github.com/Azure/azure-rest-api-specs/tree/main/specification/vmware/resource-manager,,0.149,-, -, -, -
quota/azure-mgmt-quota,https://pypi.org/pypi/azure-mgmt-quota,NA,NA,NA,1.0.0b2,2021/11/4,NA,NA,track2,,https:/github.com/Azure/azure-rest-api-specs/tree/main/specification/quota/resource-manager,,0.041,-, -, -, -
deviceupdate/azure-mgmt-deviceupdate,https://pypi.org/pypi/azure-mgmt-deviceupdate,NA,NA,NA,1.0.0b3,2021/11/4,NA,NA,track2,,https:/github.com/Azure/azure-rest-api-specs/tree/main/specification/deviceupdate/resource-manager,,0.057,-, -, -, -
machinelearning/azure-mgmt-guestconfig,https://pypi.org/pypi/azure-mgmt-guestconfig,NA,NA,NA,1.0.0b1,2021/07/14,NA,NA,track2,,https:/github.com/Azure/azure-rest-api-specs/tree/main/specification/guestconfiguration/resource-manager,,0.044,-, -, -, -
storagepool/azure-mgmt-storagepool,https://pypi.org/pypi/azure-mgmt-storagepool,NA,NA,NA,1.0.0,2021/10/14,1.0.0,NA,track2,,https:/github.com/Azure/azure-rest-api-specs/tree/main/specification/storagepool/resource-manager,,0.052,-, -, -, -
dashboard/azure-mgmt-dashboard,https://pypi.org/pypi/azure-mgmt-dashboard,NA,NA,NA,1.0.0b2,2022/04/14,NA,NA,track2,,https:/github.com/Azure/azure-rest-api-specs/tree/main/specification/dashboard/resource-manager,,0.030,-, -, -, -
appplatform/azure-mgmt-appplatform,https://pypi.org/pypi/azure-mgmt-appplatform,1.2.0,2021/02/24,1.0.0,7.0.0,2022/02/22,6.0.0,NA,track2,,https:/github.com/Azure/azure-rest-api-specs/tree/main/specification/appplatform/resource-manager,True,0.629,-, 0, 0, 0
datamigration/azure-mgmt-datamigration,https://pypi.org/pypi/azure-mgmt-datamigration,4.1.0,2020/10/22,1.0.0,10.0.0,2021/08/26,9.0.0,track2_10.0.0,track2,,https:/github.com/Azure/azure-rest-api-specs/tree/main/specification/datamigration/resource-manager,,0.166,-, 0, 0, 0
quantum/azure-mgmt-quantum,https://pypi.org/pypi/azure-mgmt-quantum,NA,NA,NA,1.0.0b2,2021/08/4,NA,NA,track2,,https:/github.com/Azure/azure-rest-api-specs/tree/main/specification/quantum/resource-manager,,0.035,-, -, -, -
notificationhubs/azure-mgmt-notificationhubs,https://pypi.org/pypi/azure-mgmt-notificationhubs,2.1.0,2019/04/30,1.0.0,8.0.0,2022/01/6,7.0.0,NA,track2,,https:/github.com/Azure/azure-rest-api-specs/tree/main/specification/notificationhubs/resource-manager,,0.045,-, 0, 0, 0
attestation/azure-mgmt-attestation,https://pypi.org/pypi/azure-mgmt-attestation,0.3.0,2021/01/29,NA,1.0.0,2021/03/17,1.0.0,NA,track2,,https:/github.com/Azure/azure-rest-api-specs/tree/main/specification/attestation/resource-manager,,0.027,-, 0, 0, 0
loadtestservice/azure-mgmt-loadtestservice,https://pypi.org/pypi/azure-mgmt-loadtestservice,NA,NA,NA,1.0.0b1,2021/12/8,NA,NA,track2,,https:/github.com/Azure/azure-rest-api-specs/tree/main/specification/loadtestservice/resource-manager,,0.030,-, -, -, -
compute/azure-mgmt-vmwarecloudsimple,https://pypi.org/pypi/azure-mgmt-vmwarecloudsimple,0.2.0,2019/10/31,NA,1.0.0b1,2021/05/26,NA,NA,track2,,https:/github.com/Azure/azure-rest-api-specs/tree/main/specification/vmwarecloudsimple/resource-manager,,0.094,-, -, -, -
sql/azure-mgmt-sql,https://pypi.org/pypi/azure-mgmt-sql,0.29.1,2021/07/14,NA,4.0.0b2,2022/03/8,1.0.0,track2_4.0.0b1,track2,,https:/github.com/Azure/azure-rest-api-specs/tree/main/specification/sql/resource-manager,,0.846,-, 0, 0, 0
scvmm/azure-mgmt-scvmm,https://pypi.org/pypi/azure-mgmt-scvmm,NA,NA,NA,1.0.0b1,2022/04/22,NA,NA,track2,,https:/github.com/Azure/azure-rest-api-specs/tree/main/specification/scvmm/resource-manager,,0.085,-, -, -, -
advisor/azure-mgmt-advisor,https://pypi.org/pypi/azure-mgmt-advisor,4.0.0,2020/03/25,1.0.0,9.0.0,2021/01/4,9.0.0,track2_9.0.0,track2,,https:/github.com/Azure/azure-rest-api-specs/tree/main/specification/advisor/resource-manager,,0.045,-, 0, 0, 0
workloadmonitor/azure-mgmt-workloadmonitor,https://pypi.org/pypi/azure-mgmt-workloadmonitor,NA,NA,NA,1.0.0b2,2020/11/9,NA,NA,track2,,https:/github.com/Azure/azure-rest-api-specs/tree/main/specification/workloadmonitor/resource-manager,,0.031,-, -, -, -
security/azure-mgmt-security,https://pypi.org/pypi/azure-mgmt-security,0.6.0,2020/11/17,NA,2.0.0b1,2021/08/10,1.0.0,track2_2.0.0b1,track2,,https:/github.com/Azure/azure-rest-api-specs/tree/main/specification/security/resource-manager,,0.329,-, -, -, -
orbital/azure-mgmt-orbital,https://pypi.org/pypi/azure-mgmt-orbital,NA,NA,NA,1.0.0b1,2021/11/23,NA,NA,track2,,https:/github.com/Azure/azure-rest-api-specs/tree/main/specification/orbital/resource-manager,,0.055,-, -, -, -
servicefabricmanagedclusters/azure-mgmt-servicefabricmanagedclusters,https://pypi.org/pypi/azure-mgmt-servicefabricmanagedclusters,NA,NA,NA,1.0.0,2021/04/29,1.0.0,track2_1.0.0,track2,,https:/github.com/Azure/azure-rest-api-specs/tree/main/specification/servicefabricmanagedclusters/resource-manager,,0.107,-, -, -, -
authorization/azure-mgmt-authorization,https://pypi.org/pypi/azure-mgmt-authorization,0.61.0,2020/08/14,NA,2.0.0,2021/09/26,1.0.0,track1_0.61.0,track2,,https:/github.com/Azure/azure-rest-api-specs/tree/main/specification/authorization/resource-manager,True,0.444,-, 0, 0, 0
webpubsub/azure-mgmt-webpubsub,https://pypi.org/pypi/azure-mgmt-webpubsub,NA,NA,NA,1.0.0,2021/10/14,1.0.0,NA,track2,,https:/github.com/Azure/azure-rest-api-specs/tree/main/specification/webpubsub/resource-manager,,0.074,-, -, -, -
cognitiveservices/azure-mgmt-cognitiveservices,https://pypi.org/pypi/azure-mgmt-cognitiveservices,7.0.0,2021/06/7,1.0.0,13.1.0,2022/03/28,11.0.0,track2_13.1.0,track2,,https:/github.com/Azure/azure-rest-api-specs/tree/main/specification/cognitiveservices/resource-manager,,0.091,-, 0, 0, 0
compute/azure-mgmt-imagebuilder,https://pypi.org/pypi/azure-mgmt-imagebuilder,0.4.0,2020/06/2,NA,1.0.0,2021/12/10,1.0.0,track2_1.0.0,track2,,https:/github.com/Azure/azure-rest-api-specs/tree/main/specification/imagebuilder/resource-manager,,0.044,-, 0, 0, 0
iothub/azure-mgmt-iothub,https://pypi.org/pypi/azure-mgmt-iothub,0.13.0,2021/05/17,NA,2.2.0,2022/01/29,1.0.0,track2_2.2.0,track2,,https:/github.com/Azure/azure-rest-api-specs/tree/main/specification/iothub/resource-manager,True,0.801,-, 0, 0, 0
loganalytics/azure-mgmt-loganalytics,https://pypi.org/pypi/azure-mgmt-loganalytics,2.0.0,2020/11/9,1.0.0,13.0.0b4,2022/04/8,7.0.0,track2_13.0.0b4,track2,,https:/github.com/Azure/azure-rest-api-specs/tree/main/specification/operationalinsights/resource-manager,,0.155,-, 0, 0, 0
hybridnetwork/azure-mgmt-hybridnetwork,https://pypi.org/pypi/azure-mgmt-hybridnetwork,NA,NA,NA,1.0.0,2021/08/5,1.0.0,NA,track2,,https:/github.com/Azure/azure-rest-api-specs/tree/main/specification/hybridnetwork/resource-manager,,0.093,-, -, -, -
desktopvirtualization/azure-mgmt-desktopvirtualization,https://pypi.org/pypi/azure-mgmt-desktopvirtualization,NA,NA,NA,1.0.0b1,2021/11/11,NA,NA,track2,,https:/github.com/Azure/azure-rest-api-specs/tree/main/specification/desktopvirtualization/resource-manager,,0.120,-, -, -, -
redis/azure-mgmt-redis,https://pypi.org/pypi/azure-mgmt-redis,7.0.0,2021/07/21,1.0.0,13.1.0,2021/12/21,12.0.0,track2_13.1.0,Rule error,,https:/github.com/Azure/azure-rest-api-specs/tree/main/specification/redis/resource-manager,,0.084,-, 0, 0, 0
synapse/azure-mgmt-synapse,https://pypi.org/pypi/azure-mgmt-synapse,0.8.0,2021/04/7,NA,2.1.0b5,2022/04/19,1.0.0,track2_2.1.0b2,track2,,https:/github.com/Azure/azure-rest-api-specs/tree/main/specification/synapse/resource-manager,,0.522,-, -, -, -
databox/azure-mgmt-databox,https://pypi.org/pypi/azure-mgmt-databox,0.2.0,2020/03/26,NA,1.0.0,2021/03/18,1.0.0,NA,track2,,https:/github.com/Azure/azure-rest-api-specs/tree/main/specification/databox/resource-manager,True,0.259,-, 0, 0, 0
fluidrelay/azure-mgmt-fluidrelay,https://pypi.org/pypi/azure-mgmt-fluidrelay,NA,NA,NA,1.0.0b1,2021/09/30,NA,NA,track2,,https:/github.com/Azure/azure-rest-api-specs/tree/main/specification/fluidrelay/resource-manager,,0.028,-, -, -, -
appservice/azure-mgmt-web,https://pypi.org/pypi/azure-mgmt-web,0.49.0,2021/02/26,NA,6.1.0,2022/01/25,1.0.0,track2_6.1.0,track2,,https:/github.com/Azure/azure-rest-api-specs/tree/main/specification/web/resource-manager,True,3.675,-, 0, 0, 0
storage/azure-mgmt-storagecache,https://pypi.org/pypi/azure-mgmt-storagecache,0.5.0,2021/03/9,NA,1.2.0,2022/03/22,1.0.0,NA,track2,,https:/github.com/Azure/azure-rest-api-specs/tree/main/specification/storagecache/resource-manager,,0.073,-, -, -, -
datalake/azure-mgmt-datalake-analytics,https://pypi.org/pypi/azure-mgmt-datalake-analytics,0.6.0,2018/06/26,NA,NA,NA,NA,track1_0.2.1,track2,,https:/github.com/Azure/azure-rest-api-specs/tree/main/specification/datalake-analytics/resource-manager,,0.275,-, -, -, -
servicelinker/azure-mgmt-servicelinker,https://pypi.org/pypi/azure-mgmt-servicelinker,NA,NA,NA,1.0.0,2022/04/22,1.0.0,track2_1.0.0,track2,,https:/github.com/Azure/azure-rest-api-specs/tree/main/specification/servicelinker/resource-manager,,0.034,-, -, -, -
azurestackhci/azure-mgmt-azurestackhci,https://pypi.org/pypi/azure-mgmt-azurestackhci,1.0.0,2020/10/15,1.0.0,6.1.0,2022/04/8,6.0.0,NA,track2,,https:/github.com/Azure/azure-rest-api-specs/tree/main/specification/azurestackhci/resource-manager,,0.045,-, -, -, -
apimanagement/azure-mgmt-apimanagement,https://pypi.org/pypi/azure-mgmt-apimanagement,0.3.0,2021/03/30,NA,3.0.0,2022/01/13,1.0.0,track2_3.0.0,track2,,https:/github.com/Azure/azure-rest-api-specs/tree/main/specification/apimanagement/resource-manager,,0.561,-, 0, 0, 0
network/azure-mgmt-frontdoor,https://pypi.org/pypi/azure-mgmt-frontdoor,0.3.0,2019/10/12,NA,1.0.1,2022/03/29,1.0.0,NA,track2,,https:/github.com/Azure/azure-rest-api-specs/tree/main/specification/frontdoor/resource-manager,,0.112,-, -, -, -
iothub/azure-mgmt-iotcentral,https://pypi.org/pypi/azure-mgmt-iotcentral,4.1.0,2021/02/20,1.0.0,10.0.0b1,2022/04/13,9.0.0,track2_9.0.0,track2,,https:/github.com/Azure/azure-rest-api-specs/tree/main/specification/iotcentral/resource-manager,,0.047,-, -, -, -
hanaonazure/azure-mgmt-hanaonazure,https://pypi.org/pypi/azure-mgmt-hanaonazure,0.15.0,2021/03/5,NA,1.0.0,2021/04/12,1.0.0,NA,track2,,https:/github.com/Azure/azure-rest-api-specs/tree/main/specification/hanaonazure/resource-manager,,0.037,-, 0, 0, 0
keyvault/azure-mgmt-keyvault,https://pypi.org/pypi/azure-mgmt-keyvault,0.40.0,2017/06/7,NA,9.3.0,2021/11/15,1.0.0,track2_9.3.0,track2,,https:/github.com/Azure/azure-rest-api-specs/tree/main/specification/keyvault/resource-manager,True,0.393,-, 0, 0, 0
baremetalinfrastructure/azure-mgmt-baremetalinfrastructure,https://pypi.org/pypi/azure-mgmt-baremetalinfrastructure,NA,NA,NA,1.0.0,2021/10/14,1.0.0,NA,track2,,https:/github.com/Azure/azure-rest-api-specs/tree/main/specification/baremetalinfrastructure/resource-manager,,0.030,-, -, -, -
powerbidedicated/azure-mgmt-powerbidedicated,https://pypi.org/pypi/azure-mgmt-powerbidedicated,0.1.0,2020/01/19,NA,1.0.0,2021/03/29,1.0.0,NA,track2,,https:/github.com/Azure/azure-rest-api-specs/tree/main/specification/powerbidedicated/resource-manager,,0.038,-, 0, 0, 0
cdn/azure-mgmt-cdn,https://pypi.org/pypi/azure-mgmt-cdn,7.0.0,2021/02/8,1.0.0,12.0.0,2022/03/22,10.0.0,track2_12.0.0,track2,,https:/github.com/Azure/azure-rest-api-specs/tree/main/specification/cdn/resource-manager,,0.228,-, 0, 0, 0
resources/azure-mgmt-resource,https://pypi.org/pypi/azure-mgmt-resource,13.0.0,2021/05/13,NA,21.1.0,2022/05/5,15.0.0,track2_21.1.0b1,track2,,https:/github.com/Azure/azure-rest-api-specs/tree/main/specification/resources/resource-manager,True,1.738,-, 0, 0, 0
agrifood/azure-mgmt-agrifood,https://pypi.org/pypi/azure-mgmt-agrifood,NA,NA,NA,1.0.0b1,2021/06/11,NA,NA,track2,,https:/github.com/Azure/azure-rest-api-specs/tree/main/specification/agrifood/resource-manager,,0.045,-, -, -, -
storage/azure-mgmt-storagesync,https://pypi.org/pypi/azure-mgmt-storagesync,0.2.0,2020/01/9,NA,1.0.0,2021/04/9,1.0.0,NA,track2,,https:/github.com/Azure/azure-rest-api-specs/tree/main/specification/storagesync/resource-manager,,0.102,-, 0, 0, 0
subscription/azure-mgmt-subscription,https://pypi.org/pypi/azure-mgmt-subscription,0.7.0,2020/10/12,NA,3.0.0,2022/01/21,1.0.0,NA,track2,,https:/github.com/Azure/azure-rest-api-specs/tree/main/specification/subscription/resource-manager,,0.054,-, 0, 0, 0
communication/azure-mgmt-communication,https://pypi.org/pypi/azure-mgmt-communication,NA,NA,NA,1.0.0,2021/03/30,1.0.0,NA,track2,,https:/github.com/Azure/azure-rest-api-specs/tree/main/specification/communication/resource-manager,,0.037,-, 0, 0, 0
labservices/azure-mgmt-labservices,https://pypi.org/pypi/azure-mgmt-labservices,0.1.1,2019/02/15,NA,2.0.0b1,2022/03/14,1.0.0,NA,track2,,https:/github.com/Azure/azure-rest-api-specs/tree/main/specification/labservices/resource-manager,,0.094,-, -, -, -
azurestack/azure-mgmt-azurestack,https://pypi.org/pypi/azure-mgmt-azurestack,0.1.0,2020/01/15,NA,1.0.0,2021/04/9,1.0.0,NA,track2,,https:/github.com/Azure/azure-rest-api-specs/tree/main/specification/azurestack/resource-manager,,0.055,-, -, -, -
datalake/azure-mgmt-datalake-store,https://pypi.org/pypi/azure-mgmt-datalake-store,0.5.0,2018/06/14,NA,1.0.0,2021/01/7,1.0.0,track1_0.5.0,track2,,https:/github.com/Azure/azure-rest-api-specs/tree/main/specification/datalake-store/resource-manager,,0.061,-, 0, 0, 0
purview/azure-mgmt-purview,https://pypi.org/pypi/azure-mgmt-purview,NA,NA,NA,1.0.0,2021/08/16,1.0.0,NA,track2,,https:/github.com/Azure/azure-rest-api-specs/tree/main/specification/purview/resource-manager,,0.052,-, -, -, -
resourcemover/azure-mgmt-resourcemover,https://pypi.org/pypi/azure-mgmt-resourcemover,NA,NA,NA,1.1.0b2,2021/06/3,1.0.0,NA,track2,,https:/github.com/Azure/azure-rest-api-specs/tree/main/specification/resourcemover/resource-manager,,0.060,-, -, -, -
chaos/azure-mgmt-chaos,https://pypi.org/pypi/azure-mgmt-chaos,NA,NA,NA,1.0.0b2,2021/10/26,NA,NA,track2,,https:/github.com/Azure/azure-rest-api-specs/tree/main/specification/chaos/resource-manager,,0.058,-, -, -, -
logz/azure-mgmt-logz,https://pypi.org/pypi/azure-mgmt-logz,NA,NA,NA,1.0.0,2021/09/6,1.0.0,NA,track2,,https:/github.com/Azure/azure-rest-api-specs/tree/main/specification/logz/resource-manager,,0.065,-, -, -, -
resourceconnector/azure-mgmt-resourceconnector,https://pypi.org/pypi/azure-mgmt-resourceconnector,NA,NA,NA,1.0.0b1,2021/11/12,NA,NA,track2,,https:/github.com/Azure/azure-rest-api-specs/tree/main/specification/resourceconnector/resource-manager,,0.027,-, -, -, -
hybridkubernetes/azure-mgmt-hybridkubernetes,https://pypi.org/pypi/azure-mgmt-hybridkubernetes,0.2.0,2021/03/1,NA,1.1.0,2021/10/20,1.0.0,NA,track2,,https:/github.com/Azure/azure-rest-api-specs/tree/main/specification/hybridkubernetes/resource-manager,,0.033,-, -, -, -
maintenance/azure-mgmt-maintenance,https://pypi.org/pypi/azure-mgmt-maintenance,0.1.0,2019/12/4,NA,2.1.0b1,2021/11/24,1.0.0,NA,track2,,https:/github.com/Azure/azure-rest-api-specs/tree/main/specification/maintenance/resource-manager,,0.064,-, 0, 0, 0
rdbms/azure-mgmt-rdbms,https://pypi.org/pypi/azure-mgmt-rdbms,3.1.0rc1,2020/09/29,1.0.0,10.1.0,2022/03/7,8.0.0,track2_10.0.0,track2,,https:/github.com/Azure/azure-rest-api-specs/tree/main/specification/postgresqlhsc/resource-manager,fake,0.610,-, 0, 0, 0
alertsmanagement/azure-mgmt-alertsmanagement,https://pypi.org/pypi/azure-mgmt-alertsmanagement,0.2.0rc2,2019/08/1,NA,1.0.0,2021/03/18,1.0.0,NA,track2,,https:/github.com/Azure/azure-rest-api-specs/tree/main/specification/alertsmanagement/resource-manager,,0.064,-, 0, 0, 0
managementgroups/azure-mgmt-managementgroups,https://pypi.org/pypi/azure-mgmt-managementgroups,0.2.0,2019/03/7,NA,1.0.0,2021/05/21,1.0.0,track2_1.0.0,both,,https:/github.com/Azure/azure-rest-api-specs/tree/main/specification/managementgroups/resource-manager,,0.055,-, -, -, -
recoveryservices/azure-mgmt-recoveryservicesbackup,https://pypi.org/pypi/azure-mgmt-recoveryservicesbackup,0.15.0,2021/09/23,NA,4.1.1,2022/02/18,1.0.0,track2_4.1.1,track2,,https:/github.com/Azure/azure-rest-api-specs/tree/main/specification/recoveryservicesbackup/resource-manager,fake,0.453,-, -, -, -
healthbot/azure-mgmt-healthbot,https://pypi.org/pypi/azure-mgmt-healthbot,NA,NA,NA,1.0.0b1,2021/01/7,NA,NA,track2,,https:/github.com/Azure/azure-rest-api-specs/tree/main/specification/healthbot/resource-manager,,0.027,-, -, -, -
edgeorder/azure-mgmt-edgeorder,https://pypi.org/pypi/azure-mgmt-edgeorder,NA,NA,NA,1.0.0,2021/12/23,1.0.0,NA,track2,,https:/github.com/Azure/azure-rest-api-specs/tree/main/specification/edgeorder/resource-manager,True,0.130,-, -, -, -
devtestlabs/azure-mgmt-devtestlabs,https://pypi.org/pypi/azure-mgmt-devtestlabs,4.0.0,2019/07/26,1.0.0,9.0.0,2021/01/4,9.0.0,track1_4.0.0,both,,https:/github.com/Azure/azure-rest-api-specs/tree/main/specification/devtestlabs/resource-manager,,0.227,-, 0, 0, 0
monitor/azure-mgmt-monitor,https://pypi.org/pypi/azure-mgmt-monitor,0.12.0,2020/11/17,NA,3.1.0,2022/03/16,1.0.0,track2_3.0.0,track2,,https:/github.com/Azure/azure-rest-api-specs/tree/main/specification/monitor/resource-manager,True,0.826,-, 0, 0, 0
managedservices/azure-mgmt-managedservices,https://pypi.org/pypi/azure-mgmt-managedservices,1.0.0,2019/07/5,1.0.0,6.0.0,2021/04/23,6.0.0,track1_1.0.0,both,,https:/github.com/Azure/azure-rest-api-specs/tree/main/specification/managedservices/resource-manager,,0.045,-, 0, 0, 0
redisenterprise/azure-mgmt-redisenterprise,https://pypi.org/pypi/azure-mgmt-redisenterprise,NA,NA,NA,2.0.0,2022/04/7,1.0.0,NA,track2,,https:/github.com/Azure/azure-rest-api-specs/tree/main/specification/redisenterprise/resource-manager,,0.058,-, -, -, -
elastic/azure-mgmt-elastic,https://pypi.org/pypi/azure-mgmt-elastic,NA,NA,NA,1.0.0,2021/08/4,1.0.0,NA,track1,,https:/github.com/Azure/azure-rest-api-specs/tree/main/specification/elastic/resource-manager,,0.060,-, -, -, -
containerservice/azure-mgmt-containerservice,https://pypi.org/pypi/azure-mgmt-containerservice,12.0.0,2021/06/18,1.0.0,19.0.0,2022/04/18,14.0.0,track2_19.0.0,track2,,https:/github.com/Azure/azure-rest-api-specs/tree/main/specification/containerservice/resource-manager,True,2.591, - , 0, 0, 5
botservice/azure-mgmt-botservice,https://pypi.org/pypi/azure-mgmt-botservice,0.3.0,2021/01/26,NA,2.0.0b2,2022/04/15,1.0.0,track1_0.3.0,both,,https:/github.com/Azure/azure-rest-api-specs/tree/main/specification/botservice/resource-manager,,0.078,-, 0, 0, 0
network/azure-mgmt-privatedns,https://pypi.org/pypi/azure-mgmt-privatedns,0.1.0,2019/02/27,NA,1.0.0,2021/03/29,1.0.0,track2_1.0.0,track2,,https:/github.com/Azure/azure-rest-api-specs/tree/main/specification/privatedns/resource-manager,,0.042,-, -, -, -
commerce/azure-mgmt-commerce,https://pypi.org/pypi/azure-mgmt-commerce,1.0.1,2018/02/22,1.0.0,6.0.0,2021/01/4,6.0.0,NA,track2,,https:/github.com/Azure/azure-rest-api-specs/tree/main/specification/commerce/resource-manager,True,0.028,-, 0, 0, 0
cosmos/azure-mgmt-cosmosdb,https://pypi.org/pypi/azure-mgmt-cosmosdb,4.0.0,2021/03/1,1.0.0,7.0.0b5,2022/04/29,6.0.0,track2_7.0.0b2,track2,,https:/github.com/Azure/azure-rest-api-specs/tree/main/specification/cosmos-db/resource-manager,,0.384,-, 0, 0, 0
deploymentmanager/azure-mgmt-deploymentmanager,https://pypi.org/pypi/azure-mgmt-deploymentmanager,0.2.0,2019/12/31,NA,1.0.0,2021/05/20,1.0.0,track1_0.2.0,track2,,https:/github.com/Azure/azure-rest-api-specs/tree/main/specification/deploymentmanager/resource-manager,,0.066,-, -, -, -
relay/azure-mgmt-relay,https://pypi.org/pypi/azure-mgmt-relay,0.2.0,2019/05/16,NA,1.1.0,2021/09/6,1.0.0,track1_0.1.0,track2,,https:/github.com/Azure/azure-rest-api-specs/tree/main/specification/relay/resource-manager,,0.046,-, 0, 0, 0
machinelearning/azure-mgmt-machinelearningcompute,https://pypi.org/pypi/azure-mgmt-machinelearningcompute,0.4.1,2018/05/29,NA,1.0.0b1,2021/05/19,NA,NA,track2,,https:/github.com/Azure/azure-rest-api-specs/tree/main/specification/machinelearningcompute/resource-manager,,0.038,-, -, -, -
azurearcdata/azure-mgmt-azurearcdata,https://pypi.org/pypi/azure-mgmt-azurearcdata,NA,NA,NA,1.0.0,2021/10/29,1.0.0,NA,track2,,https:/github.com/Azure/azure-rest-api-specs/tree/main/specification/azurearcdata/resource-manager,,0.054,-, -, -, -
network/azure-mgmt-dns,https://pypi.org/pypi/azure-mgmt-dns,3.0.0,2019/06/18,1.0.0,8.0.0,2021/04/16,8.0.0,track2_8.0.0,track2,,https:/github.com/Azure/azure-rest-api-specs/tree/main/specification/dns/resource-manager,True,0.113,-, 0, 0, 0
automanage/azure-mgmt-automanage,https://pypi.org/pypi/azure-mgmt-automanage,NA,NA,NA,1.0.0b2,2021/04/22,NA,NA,track2,,https:/github.com/Azure/azure-rest-api-specs/tree/main/specification/automanage/resource-manager,,0.040,-, -, -, -
redhatopenshift/azure-mgmt-redhatopenshift,https://pypi.org/pypi/azure-mgmt-redhatopenshift,0.1.0,2020/03/30,NA,1.0.0,2021/05/20,1.0.0,track2_1.0.0,track2,,https:/github.com/Azure/azure-rest-api-specs/tree/main/specification/redhatopenshift/resource-manager,True,0.039,-, 0, 0, 0
